component_id	size	indices	consensus_seq	jaspar_names	jaspar_ids	jaspar_corr
1	28	603,972,1288,1818,2775,4436,5145,5865,6019,6873,7005,7208,7718,7792,8934,10111,10349,11045,11283,11728,12152,12650,12814,12895,13857,14309,14990,15187	CGCGCCGGCGCC	NA	NA	NA
2	27	460,1751,1852,4421,4907,6624,7286,7467,7813,7819,7889,7966,8342,8524,8779,10198,10469,10658,11401,11779,12223,12890,13966,14173,14307,14864,15896	GGGGGCGCGGGG	NA	NA	NA
3	20	659,1360,1470,2613,3173,4614,4971,5422,5491,5621,5756,5772,7413,7582,8330,8403,10894,11458,13020,15653	CGCCCCGCCCCC	KLF15,SP2,SP1,KLF12,KLF10,SP4,KLF7,KLF14,PATZ1	MA1513.2,MA0516.3,MA0079.5,MA0742.2,MA1511.2,MA0685.2,MA1959.2,MA0740.2,MA1961.2	0.96,0.951,0.95,0.949,0.939,0.931,0.928,0.912,0.904
4	11	4057,7946,8254,8682,8705,10146,10274,13917,14626,15057,15846	GGGGGCGGCGCC	NA	NA	NA
5	10	771,1265,2129,3842,3998,6302,7595,11339,12026,14153	GCCCGCGCCCCG	NA	NA	NA
6	10	1203,2364,4728,5403,6351,8208,8407,12230,12355,12631	GGCGGCGGCGGC	NA	NA	NA
7	8	1770,2317,2698,4138,5026,5095,12916,14745	GGGGGCGGGGGC	KLF15,KLF7,SP2,KLF10,KLF12,PATZ1,KLF1,SP1,SP4	MA1513.2,MA1959.2,MA0516.3,MA1511.2,MA0742.2,MA1961.2,MA0493.3,MA0079.5,MA0685.2	0.95,0.949,0.932,0.932,0.929,0.922,0.92,0.912,0.905
8	8	1910,2540,3098,3300,4597,6210,6604,10361	GCCGCCGCCGCC	NA	NA	NA
9	7	4323,5144,6591,9441,12819,14411,15746	AGCGGCGCCCCC	NA	NA	NA
10	6	45,2025,2648,3328,8531,10323	GGCCCCGCCTCC	SP2,KLF12	MA0516.3,MA0742.2	0.912,0.903
11	6	136,2693,8726,8998,9472,11941	GGGCGCGGGCGC	NA	NA	NA
12	6	4577,6595,8389,11191,14112,16001	CCCCGCGCCTGG	NA	NA	NA
13	6	7446,8102,8596,10009,12530,15091	GAGGGCGGGAGG	NA	NA	NA
14	5	226,2552,7568,10273,14434	CCGCGCGCCGGC	NA	NA	NA
15	5	3439,7619,15903,16063,16256	GGCCGCGCCTCT	NA	NA	NA
16	5	8079,12999,13436,14817,15859	GGCGGCGGGGCT	NA	NA	NA
17	4	540,3992,10390,13211	TTTCGCGCCCCC	NA	NA	NA
18	4	974,2790,14342,15256	CGGGGCGCGGGG	NA	NA	NA
19	4	1237,1950,3690,14444	CTCAGCGCGCCC	NA	NA	NA
20	4	1386,4062,9373,10853	ACCCCCGCCGCA	NA	NA	NA
21	4	1407,5828,12996,15352	CGCCCCGGCCCC	NA	NA	NA
22	4	1616,8391,10350,11061	GCGGCCGGGAAG	NA	NA	NA
23	4	3076,6365,7693,13528	CTCCCCGGCCGG	NA	NA	NA
24	4	3379,4579,7773,16079	GCCCGCGCCCCC	NA	NA	NA
25	4	3797,4370,15013,15572	CAGGCCGCGGCC	NA	NA	NA
26	4	4220,5118,8110,10670	GCGCCCGCAGCC	NA	NA	NA
27	4	5719,10283,12366,12704	AGGGGCGGCGCC	NA	NA	NA
28	3	187,2205,15325	CGGGGCGCCCGG	NA	NA	NA
29	3	254,6007,9071	CCCAGCGGCCTC	NA	NA	NA
30	3	363,3335,9274	GCGGGCGCTGCC	NA	NA	NA
31	3	708,10539,12454	TGGGGCGGGGCC	KLF15,SP2,KLF12,KLF10,KLF7,KLF14,SP4,SP1,KLF1	MA1513.2,MA0516.3,MA0742.2,MA1511.2,MA1959.2,MA0740.2,MA0685.2,MA0079.5,MA0493.3	0.972,0.956,0.954,0.944,0.943,0.94,0.939,0.938,0.911
32	3	764,3371,11161	GCCGCCGGGCGG	NA	NA	NA
33	3	910,4536,7748	CTGGGCGCACCT	NA	NA	NA
34	3	938,10908,15086	GACCACGCACTC	NA	NA	NA
35	3	964,5335,15970	CGCCGCGCGGGG	NA	NA	NA
36	3	1377,7494,8056	AGGGGCGGGGCC	NA	NA	NA
37	3	1381,3016,7954	GGGGGCGGGGGG	SP2,KLF15	MA0516.3,MA1513.2	0.91,0.907
38	3	1437,7316,11724	GGACCCGGGTGG	NA	NA	NA
39	3	1440,1641,6025	GCGGGCGCCCGG	NA	NA	NA
40	3	1599,9232,14825	GAGGGCGGGGCC	KLF15,KLF7,SP2	MA1513.2,MA1959.2,MA0516.3	0.964,0.934,0.908
41	3	1614,2051,9037	CCAGCCGGCTGC	NA	NA	NA
42	3	1867,7145,9106	CTGCGCGGCGTG	NA	NA	NA
43	3	2225,10132,11946	CGCTCCGCCCCC	NA	NA	NA
44	3	2306,2539,14424	GACACCGCAACC	NA	NA	NA
45	3	2582,13109,15899	GGGGGCGGGGCC	KLF15,KLF7,SP2,SP1,SP4,KLF10,KLF12	MA1513.2,MA1959.2,MA0516.3,MA0079.5,MA0685.2,MA1511.2,MA0742.2	0.935,0.918,0.917,0.916,0.912,0.907,0.906
46	3	2644,14220,15001	GCCGGCGGGGCG	NA	NA	NA
47	3	2840,6116,9426	AAGGCCGGGGCC	KLF15,KLF7,KLF1	MA1513.2,MA1959.2,MA0493.3	0.933,0.924,0.9
48	3	2884,3124,8970	GGCGCCGCGCGG	NA	NA	NA
49	3	3075,6076,14450	CCGGGCGCCCGG	NA	NA	NA
50	3	3101,5181,5948	GGGGGCGGGGCG	NA	NA	NA
51	3	3358,5436,8054	GGGGGCGCGCTG	NA	NA	NA
52	3	3451,5791,11540	CCCCCCGCCCTG	VEZF1,KLF15	MA1578.2,MA1513.2	0.915,0.901
53	3	3499,9572,14189	GGAGGCGGGAGG	NA	NA	NA
54	3	4285,13816,14513	GGGGCCGGCGCA	NA	NA	NA
55	3	4415,7420,10636	TGGGGCGCCCCC	NA	NA	NA
56	3	5281,7572,15793	CACCGCGCCCGC	NA	NA	NA
57	3	6234,7977,8539	GGGGCCGCGGCG	NA	NA	NA
58	3	6894,7069,14125	CTCCCCGCCGGG	NA	NA	NA
59	3	7160,11638,15219	CCCCCCGCCGCA	NA	NA	NA
60	3	7671,10231,14300	TCACACGGCAAG	NA	NA	NA
61	3	8679,11709,16175	GCCTGCGGCTGG	NA	NA	NA
62	3	8690,10275,15486	CCCCGCGCGCTG	NA	NA	NA
63	3	9296,13477,15351	CGAAGCGCAGAA	NA	NA	NA
64	3	9687,9688,11156	GCCGCCGGCTCC	NA	NA	NA
65	3	10024,13941,15785	TGGCGCGCCCCC	NA	NA	NA
66	3	10460,10929,15943	GGGCCCGCCCCG	NA	NA	NA
67	2	29,14469	GGAAGCGCCAGA	NA	NA	NA
68	2	63,6027	CCGGGCGCCCTC	NA	NA	NA
69	2	77,7447	GAAGGCGGGAGC	NA	NA	NA
70	2	92,13167	GGCTGCGGGGCG	NA	NA	NA
71	2	139,3257	CGCCGCGAAGCC	NA	NA	NA
72	2	156,15685	GGCAGCGAGCAG	NA	NA	NA
73	2	216,7557	AGCCGCGAGACC	NA	NA	NA
74	2	278,14113	CGGCCCGGACCC	NA	NA	NA
75	2	313,14379	GCCGCCGCCTCC	NA	NA	NA
76	2	317,16135	TCAAGCGCGCAC	NA	NA	NA
77	2	326,6249	CTCGCCGAGAAG	NA	NA	NA
78	2	336,2812	ACGCCCGTCCGC	NA	NA	NA
79	2	342,13272	TCGCACGCCTCC	NA	NA	NA
80	2	377,3235	CCCGGCGCAGAA	NA	NA	NA
81	2	411,4751	CGGGCCGGGGTC	NA	NA	NA
82	2	436,12294	CCCGGCGCCTCG	NA	NA	NA
83	2	438,9908	GGGCTCGCGGTG	NA	NA	NA
84	2	452,1142	AGAAGCGGGTTC	NA	NA	NA
85	2	453,16178	GCCAGCGCCACC	NA	NA	NA
86	2	500,2506	AACCCCGGGCCC	NA	NA	NA
87	2	507,3604	CGAGGCGCCTGA	NA	NA	NA
88	2	508,14935	CGCCGCGCCCTT	NA	NA	NA
89	2	525,11049	CCAGGCGTCCCG	NA	NA	NA
90	2	532,6293	AGAGACGCCGGA	NA	NA	NA
91	2	544,2272	GGAGACGCCCCG	NA	NA	NA
92	2	596,6072	GCCGCCGACAGC	NA	NA	NA
93	2	630,7355	CAGCCCGGCCCC	NA	NA	NA
94	2	633,15787	GAACGCGTGCAG	Ahr::Arnt	MA0006.2	0.963
95	2	690,3308	GCGGCCGGCGGG	NA	NA	NA
96	2	714,10606	GAGCCCGGCGAG	NA	NA	NA
97	2	782,7294	AAAAACGGGAAC	NA	NA	NA
98	2	786,6800	CCCCCCGCGCCA	NA	NA	NA
99	2	802,16337	GGGCCCGTCCAG	NA	NA	NA
100	2	849,15193	ACCCCCGCCCCA	NA	NA	NA
101	2	860,8564	GGCTGCGGGGCA	NA	NA	NA
102	2	889,8505	CCTCCCGAAGCC	NA	NA	NA
103	2	901,5939	TGGAACGCCCAG	NA	NA	NA
104	2	931,1375	CCAGCCCCCAAG	NA	NA	NA
105	2	989,14392	AGCGCCGCCACC	NA	NA	NA
106	2	1043,15730	CAAGACGGACAC	NA	NA	NA
107	2	1096,2174	TAGCACGCACAG	NA	NA	NA
108	2	1149,9211	GCTCCCGGCGCT	NA	NA	NA
109	2	1194,7405	AAAACCGGCCTC	NA	NA	NA
110	2	1269,2561	CCCCGCGCACCA	NA	NA	NA
111	2	1307,10611	CACGGCGCCACC	NA	NA	NA
112	2	1339,15714	CCCAGCGCCTCC	NA	NA	NA
113	2	1400,4089	GCCCCCGCCCTC	NA	NA	NA
114	2	1508,6886	CCGCCCGCCGAA	NA	NA	NA
115	2	1552,11102	AGCCCCGGGCTG	NA	NA	NA
116	2	1582,2457	CCATCCCGCGCG	NA	NA	NA
117	2	1586,4241	GAGCCCGGAACC	NA	NA	NA
118	2	1612,3849	AATACCGACACC	NA	NA	NA
119	2	1649,5799	AACACCGCCACA	NA	NA	NA
120	2	1656,14713	CCCCCCGCATGC	VEZF1	MA1578.2	0.91
121	2	1669,16025	GCCCCCGACGAG	NA	NA	NA
122	2	1682,3108	ACACCCGGCTGC	NA	NA	NA
123	2	1688,13048	CACCGCGCACGC	NA	NA	NA
124	2	1699,7443	AGGGGCGCGCGG	NA	NA	NA
125	2	1712,5446	GGGGACGCGCAG	NA	NA	NA
126	2	1717,12231	CCCCTCGGCACC	NA	NA	NA
127	2	1743,16278	AAAAGCGTAGCA	NA	NA	NA
128	2	1856,15537	GGGGGCGGGGGC	KLF15,KLF12,KLF10	MA1513.2,MA0742.2,MA1511.2	0.92,0.915,0.911
129	2	1887,10117	AGCCACGCACCC	NA	NA	NA
130	2	1890,12626	GTGGCCGTGTCA	NA	NA	NA
131	2	1942,3865	TGGGGCGCAGTG	NA	NA	NA
132	2	1968,4161	AAATCCGCGCGC	NA	NA	NA
133	2	1979,3561	CCCGGCGGCGCC	NA	NA	NA
134	2	2039,13426	TCAGGCGCTGTG	NA	NA	NA
135	2	2074,10677	GGCGCCGCCGCA	NA	NA	NA
136	2	2083,13096	CCCCGCGCGGGG	NA	NA	NA
137	2	2085,6496	GGCGTCGGCTGC	NA	NA	NA
138	2	2123,9236	AGGCACGCCCCC	Ahr::Arnt	MA0006.2	0.905
139	2	2159,2581	CCTCTCGGACCA	NA	NA	NA
140	2	2172,8248	GGCCACGGCCCC	NA	NA	NA
141	2	2289,13313	CGTCCCGCACAC	NA	NA	NA
142	2	2308,6661	ACCCCCGCCCCA	NA	NA	NA
143	2	2312,6178	GGGGGCGCTGCG	NA	NA	NA
144	2	2329,9158	CGGGCCGGACCA	NA	NA	NA
145	2	2339,5783	CAAGGCGGGGAA	KLF15	MA1513.2	0.927
146	2	2395,12986	CCCCGCGGCCTG	NA	NA	NA
147	2	2415,15399	CCGCACGCACCC	NA	NA	NA
148	2	2420,4231	GGCGCCGCCCCC	NA	NA	NA
149	2	2458,10649	GCAAGCGCCACC	NA	NA	NA
150	2	2473,9550	CCTCGCGGGCCC	NA	NA	NA
151	2	2495,14059	ACCCCCGCCCCA	NA	NA	NA
152	2	2541,15597	CGGCGCGCGCGC	NA	NA	NA
153	2	2583,16167	GCAGCCGCCCGC	NA	NA	NA
154	2	2587,10776	AGGGGCGGCCAA	NA	NA	NA
155	2	2653,9534	GAGCACGCCCCC	NA	NA	NA
156	2	2663,15442	CCCCGCGCAGCC	NA	NA	NA
157	2	2699,7099	AAGCCCGGCCCA	NA	NA	NA
158	2	2728,2982	CCGGACGGAAAG	NA	NA	NA
159	2	2749,5690	CCGAGCGCCCTG	NA	NA	NA
160	2	2772,12629	CTCCGCGCTCCC	NA	NA	NA
161	2	2798,5524	GGCCGCGCGGCG	NA	NA	NA
162	2	2821,12161	GGAGGCGGCATC	NA	NA	NA
163	2	2895,9552	CAGGGCGCACGC	NA	NA	NA
164	2	2925,4283	GGGGGCGGTGCC	NA	NA	NA
165	2	3012,15025	ACAGCCGGCGGC	NA	NA	NA
166	2	3062,11456	AAAGCCGCACAG	NA	NA	NA
167	2	3094,12980	GCCCACGTGGGC	NA	NA	NA
168	2	3115,4441	CCACCCGCGGCC	NA	NA	NA
169	2	3230,5885	AGGGGCGGCGGC	NA	NA	NA
170	2	3285,14756	AGCCACGCCCGT	NA	NA	NA
171	2	3319,13646	ACAAGCAGCGCC	NA	NA	NA
172	2	3405,13770	ACAACCGCCCAC	NA	NA	NA
173	2	3409,8322	CGCGGCGGCGGC	NA	NA	NA
174	2	3515,15915	GGGGCCGCCAGC	NA	NA	NA
175	2	3517,6610	GGCGGCGGGGCG	NA	NA	NA
176	2	3539,8693	CGGGGCGGGGCC	KLF15	MA1513.2	0.905
177	2	3640,8138	TCCGGCGCAAAA	NA	NA	NA
178	2	3651,9069	CTGAGCGCCCGG	NA	NA	NA
179	2	3656,11808	AGCGGCGCAGCC	NA	NA	NA
180	2	3697,16267	GTGGGCGCCGAG	NA	NA	NA
181	2	3739,4455	CCGCTCGTAGAC	NA	NA	NA
182	2	3745,11103	AGTCCCGGCCCA	NA	NA	NA
183	2	3758,7061	AATCTCGGGAGC	NA	NA	NA
184	2	3825,7742	CGGGCCGCCGGC	NA	NA	NA
185	2	3870,14572	GGTGTCGGTGAT	NA	NA	NA
186	2	4073,10703	CACAACGCACGA	NA	NA	NA
187	2	4183,5539	GTGCCCGGGCCC	NA	NA	NA
188	2	4218,6225	TGTCACGGCACC	NA	NA	NA
189	2	4224,5289	GTCCCCGGATCC	NA	NA	NA
190	2	4287,14642	AGCCTCGGCCCC	NA	NA	NA
191	2	4315,12251	GGCCCCGGGGGC	NA	NA	NA
192	2	4442,6243	ACAAGCGGCTCA	NA	NA	NA
193	2	4452,16044	GGGGGCGCAGCC	NA	NA	NA
194	2	4480,13328	GAAGCCGGGGCC	NA	NA	NA
195	2	4528,5533	CCCAGCGGCAGG	NA	NA	NA
196	2	4550,15749	CAGCCCGCCTAG	NA	NA	NA
197	2	4566,5260	AGAGCCGCCACC	NA	NA	NA
198	2	4629,9091	GGCCGCGCTCCC	NA	NA	NA
199	2	4687,13037	GACCCCGAAGAC	NA	NA	NA
200	2	4778,6882	CCTGCCGCAACC	NA	NA	NA
201	2	4854,6132	CTGGACGGCGCG	NA	NA	NA
202	2	4878,5315	CGGGGCGCCCTC	NA	NA	NA
203	2	4890,11042	CAGCCCGGAGGG	NA	NA	NA
204	2	4952,12056	GGGACCGCTCCT	NA	NA	NA
205	2	4960,15349	TCGCCCGCAGCC	NA	NA	NA
206	2	4988,15662	GGGGACGTGCCC	NA	NA	NA
207	2	5029,13760	GGAGGCGGACCG	NA	NA	NA
208	2	5039,15620	GGGGCCGGGCGC	NA	NA	NA
209	2	5096,11244	GGCCCCGCGGAC	NA	NA	NA
210	2	5114,8348	CGTTTCGCCCTC	NA	NA	NA
211	2	5208,14865	GTACCCGGGGCG	NA	NA	NA
212	2	5210,11219	CCCTGCGGCCCA	NA	NA	NA
213	2	5229,15155	AAACACGCAGAA	Ahr::Arnt	MA0006.2	0.909
214	2	5243,6748	GGCTCCGCCTCT	NA	NA	NA
215	2	5305,5864	ACGCGCGCCGCC	NA	NA	NA
216	2	5309,13266	GCCCCCGCCTCT	NA	NA	NA
217	2	5314,5514	TAGGCCGCACTG	NA	NA	NA
218	2	5324,16263	GCCACCGCCAGA	NA	NA	NA
219	2	5347,5911	CTCGCCCCGCCC	NA	NA	NA
220	2	5366,9282	GGCTGCGGCGCC	NA	NA	NA
221	2	5396,15326	GGCCACGGAGCT	NA	NA	NA
222	2	5412,15704	GGCTGCGCGCTC	NA	NA	NA
223	2	5455,12189	CGCGCCGCTTTC	NA	NA	NA
224	2	5559,12783	AAACGCGAATGC	NA	NA	NA
225	2	5612,8201	CCTCCCGGCTCG	NA	NA	NA
226	2	5643,7367	CCCTCCGCCCTC	NA	NA	NA
227	2	5652,8101	TTTGCCGGGGCT	NA	NA	NA
228	2	5669,6247	GGGGCCGGAAGC	NA	NA	NA
229	2	5670,11334	ACCTCCGCACGA	NA	NA	NA
230	2	5717,6987	GACAGCGGGAAG	NA	NA	NA
231	2	5723,7947	AGAGCCGATCAA	NA	NA	NA
232	2	5740,10955	GTCAGCGACGGC	NA	NA	NA
233	2	5778,6255	TGACACGCAGAA	NA	NA	NA
234	2	5782,11625	CGAACCGCCCCG	NA	NA	NA
235	2	5924,7665	TGGGCCGGCGCG	NA	NA	NA
236	2	5938,6392	GAGAGCGCCCTG	NA	NA	NA
237	2	6059,13802	GAGCCCGCGGAC	NA	NA	NA
238	2	6104,15305	CCCCCCGCGCCC	NA	NA	NA
239	2	6259,15452	CTGGGCGGGGTG	NA	NA	NA
240	2	6269,15421	GCCCCCGCGCCC	NA	NA	NA
241	2	6281,7000	CGCCGCGCGCCC	NA	NA	NA
242	2	6448,15099	TGCGGCGGCCAC	NA	NA	NA
243	2	6503,15678	GGAGCCGCTCCC	NA	NA	NA
244	2	6513,6571	ATACCCGAAGCC	NA	NA	NA
245	2	6521,14151	CAGGGCGGCGCC	NA	NA	NA
246	2	6547,8340	CCCCCCGAACCA	NA	NA	NA
247	2	6551,14951	GGGGCCGCCGCC	NA	NA	NA
248	2	6590,8854	TGGGCCGACAGC	NA	NA	NA
249	2	6634,13730	CCCGGCGGCGCC	NA	NA	NA
250	2	6638,14873	CGCGCCGGACCA	NA	NA	NA
251	2	6690,12101	CAGGGCGGCGGC	NA	NA	NA
252	2	6696,13083	GCGCACGTCCCC	NA	NA	NA
253	2	6704,13343	CGGCGCGGCCCC	NA	NA	NA
254	2	6766,10484	GGACGCGCAGGC	NA	NA	NA
255	2	6881,8247	GGCTCCGCCAGC	NA	NA	NA
256	2	6920,11054	GACACCGGCGGA	NA	NA	NA
257	2	6982,10855	CCCCCCGCACAT	NA	NA	NA
258	2	7239,10747	AAGCCCGCACAG	NA	NA	NA
259	2	7274,9864	CCAGGCGCAGCC	NA	NA	NA
260	2	7283,8211	GCCGCCGCCATG	NA	NA	NA
261	2	7328,8687	GGCTGCGCGTGC	NA	NA	NA
262	2	7423,13979	GGCGGCGCGGCA	NA	NA	NA
263	2	7436,12623	AACTCCGGCCCC	NA	NA	NA
264	2	7471,15085	CACGCCGGGGCC	NA	NA	NA
265	2	7474,9163	AACCCCGTCAGT	NA	NA	NA
266	2	7563,8512	GCAGGCGGCCGC	NA	NA	NA
267	2	7585,9790	AATCGCGCGCCG	NA	NA	NA
268	2	7625,14980	CCCGGCGGCGCT	NA	NA	NA
269	2	7691,9955	GGGTGCGGGGCA	NA	NA	NA
270	2	7717,11390	GACAACAGGCGC	NA	NA	NA
271	2	7810,13329	GGACACGCCTCC	NA	NA	NA
272	2	7815,11544	CAGTAAGCCCAG	NA	NA	NA
273	2	7826,13831	GGGCGCGCGCAC	NA	NA	NA
274	2	7858,9700	CCCGACGCCCCC	NA	NA	NA
275	2	7881,7933	ACGCACGGCCAC	NA	NA	NA
276	2	7955,13952	GAGAGCGCCTAA	NA	NA	NA
277	2	7971,12992	CACACCGGCGGG	NA	NA	NA
278	2	8057,13665	GACAGCGCAGAG	NA	NA	NA
279	2	8089,15703	CCCCCCGAACCA	NA	NA	NA
280	2	8253,16113	GGCAGCGCCCTC	NA	NA	NA
281	2	8274,11214	AGCCCCGCCCGC	KLF15,KLF7	MA1513.2,MA1959.2	0.925,0.903
282	2	8277,11307	ACCACCGCGTCC	NA	NA	NA
283	2	8380,11427	GAGGCCGCCCCC	NA	NA	NA
284	2	8501,15637	CCAAGCGGACCG	NA	NA	NA
285	2	8516,10763	GGCAGCGCGCCC	NA	NA	NA
286	2	8578,11928	CAGGCCGAACCG	NA	NA	NA
287	2	8594,10850	CCAGCCGCAGTC	NA	NA	NA
288	2	8629,13562	AACACCGACAGC	NA	NA	NA
289	2	8706,14623	GCAACCGTGCCA	NA	NA	NA
290	2	8717,12257	GCCCGCGTCTCC	NA	NA	NA
291	2	8839,14611	AACTCCGACCCG	NA	NA	NA
292	2	9105,10184	CCTGGCGTCACA	NA	NA	NA
293	2	9117,11279	AGGTGCGCGGGG	NA	NA	NA
294	2	9171,12343	CAGCGCGGGGGG	VEZF1	MA1578.2	0.9
295	2	9318,11763	AGGGCCGGGCCC	NA	NA	NA
296	2	9332,16191	CGCGGCGGCGAC	NA	NA	NA
297	2	9350,14163	GCACGCGACGCG	NA	NA	NA
298	2	9415,12473	GCACGCGCCCCC	Ahr::Arnt	MA0006.2	0.921
299	2	9466,15604	CGCGGCGCAAGT	NA	NA	NA
300	2	9544,15094	CTGGCCGCCGCA	NA	NA	NA
301	2	9594,15283	GAGCGCGGGGAC	NA	NA	NA
302	2	9617,15473	CAAACCGACCAT	NA	NA	NA
303	2	9625,12023	CCACACGCCAAG	NA	NA	NA
304	2	9704,12746	GGGGCCGCCCAG	NA	NA	NA
305	2	9761,12156	CGCAACGCCCCA	NA	NA	NA
306	2	9885,14779	GGCGGCGCCGCC	NA	NA	NA
307	2	9954,15543	CGGAGCGGGGCC	NA	NA	NA
308	2	10125,14058	AGAGGCGCAAGC	NA	NA	NA
309	2	10127,12438	CTCAGCGGAGTC	NA	NA	NA
310	2	10140,15998	GATAGCGCCTGC	NA	NA	NA
311	2	10220,14345	CCGAGCGCGCGT	NA	NA	NA
312	2	10257,14234	CGAGGCGGGACA	NA	NA	NA
313	2	10314,13350	ACACACGCCGCC	NA	NA	NA
314	2	10500,14504	ACAGACGAGAAG	NA	NA	NA
315	2	10572,15745	CTCCCCGCCCCC	NA	NA	NA
316	2	10578,15756	AGGCACGGGCAA	NA	NA	NA
317	2	10595,13993	CAGAACGGGACG	NA	NA	NA
318	2	10625,13785	GGGAGCGGGCCA	NA	NA	NA
319	2	10775,15982	CGTCTCGGGCCG	NA	NA	NA
320	2	10800,15186	CCAGACGCCCAC	NA	NA	NA
321	2	10858,14139	CCCCGCGAGTCC	NA	NA	NA
322	2	10861,13711	CAGGCCGAGGCC	NA	NA	NA
323	2	10878,12360	GCCAGCGGCCAG	NA	NA	NA
324	2	10932,15119	GAGGGCGAGCGA	NA	NA	NA
325	2	11037,16388	GGCTACGCCCAG	NA	NA	NA
326	2	11174,15681	CAGCACGCCCCC	NA	NA	NA
327	2	11239,14547	CTCCCCGGCCCC	NA	NA	NA
328	2	11289,16013	GCGAGCGGGCCC	NA	NA	NA
329	2	11379,11564	CGCCGCGCAGCC	NA	NA	NA
330	2	11403,15529	ACCCACGCAGGA	NA	NA	NA
331	2	11417,13987	CTCCCCGCCTCC	NA	NA	NA
332	2	11554,12484	ACACACGCACCA	NA	NA	NA
333	2	11622,13306	CCCGCCGCCGTC	NA	NA	NA
334	2	11726,12238	CCATCCGCAGTC	NA	NA	NA
335	2	11751,15546	CAGGGCGTCGCA	NA	NA	NA
336	2	11792,13395	CGAGACGGGGCG	NA	NA	NA
337	2	11805,16123	CACACCGCGCCA	NA	NA	NA
338	2	11841,12467	GGCTCCGCGAAA	NA	NA	NA
339	2	12153,12932	TGCAGCGGGGAG	NA	NA	NA
340	2	12191,13719	CGCGCCGCGGCG	NA	NA	NA
341	2	12209,15105	GGCAGCGCATGG	NA	NA	NA
342	2	12218,13856	CGGCACGCCGGC	NA	NA	NA
343	2	12391,13530	GAAGGCGGCGCC	NA	NA	NA
344	2	12425,14748	GGCCACGGTGCG	NA	NA	NA
345	2	12503,14966	TACCGCGTGCTC	NA	NA	NA
346	2	12816,14546	GACAGCGCATCA	NA	NA	NA
347	2	12857,14373	CCGGCCGCCGCC	NA	NA	NA
348	2	13045,15116	GGCCACGCAAGG	NA	NA	NA
349	2	13064,13869	TCGCCCGGCCCC	NA	NA	NA
350	2	13102,15911	CTACCCGGAGAC	NA	NA	NA
351	2	13146,14412	TGCAACGCTCAG	NA	NA	NA
352	2	13156,14872	GCAGACGCCAGA	NA	NA	NA
353	2	13194,13700	CGCCGCGCGCGG	NA	NA	NA
354	2	13311,15342	GAGGCCGCAGCC	NA	NA	NA
355	2	13507,15717	CCGCCCGCGCCG	NA	NA	NA
356	2	13671,14763	CGAGGCGTCCCC	NA	NA	NA
357	2	13680,15472	ACAGCCGAGCAC	NA	NA	NA
358	2	13712,15435	GCGGCCGCCACC	NA	NA	NA
359	2	13768,15741	ACGCGCGGCCCA	NA	NA	NA
360	2	13813,14062	TGCCCCGGCACC	NA	NA	NA
361	2	13870,15646	CCGCCCGCCGGC	NA	NA	NA
362	2	13871,15460	GAGGCCGCACAG	NA	NA	NA
363	2	14038,14930	GGGCGCGCCCGG	NA	NA	NA
364	2	14073,15200	GAACACGCCCCA	NA	NA	NA
365	2	14458,14493	TGCGCCGCGCAC	NA	NA	NA
366	2	14664,14926	GTGACCGCGACC	NA	NA	NA
367	2	14785,15952	CCAGGCGTCCCC	Foxn1	MA1684.1	0.905
368	2	14827,15133	CAGAACGAGGCG	NA	NA	NA
369	2	15002,15007	GCGCGCGGAGCC	NA	NA	NA
370	2	15005,15377	CCGGCCGCGACT	NA	NA	NA
371	2	15078,15570	GCGGCCGCGGCG	NA	NA	NA
372	2	15199,15760	CACCCCGCCCCG	KLF7,KLF15	MA1959.2,MA1513.2	0.907,0.904
373	2	15278,15596	GGCAGCGCGGCT	NA	NA	NA
374	2	15615,15788	CGGAGCGACCCG	NA	NA	NA
